{"cameraMode":{"drawMode":0,"name":"Shaded","section":"Shading Mode"},"sceneLighting":true,"audioPlay":false,"sceneViewState":{"showFog":true,"showMaterialUpdate":false,"showSkybox":true,"showFlares":true,"showImageEffects":true,"showParticleSystems":true},"in2DMode":false,"pivot":{"x":-0.7700889110565186,"y":3.180767059326172,"z":-1.1861754655838013},"rotation":{"x":0.7102864384651184,"y":-2.793407247736468e-7,"z":-3.7586866596939219e-7,"w":0.7039231657981873},"size":63.9779167175293,"orthographic":true}